source,target
/app-development,/top-app-development
/projects/casestudy/revamping-joe,/projects/casestudy/joe-the-juice
/top-app-developers-in-riyadh-map,/www-synergylabs-co-top-app-developers-in-riyadh-map
/referring,/ambassador-program
/synergy-labs---mobile-app-and-web-developers-agency-in-hartford,/locations/hartford
/synergy-labs---mobile-app-and-web-developers-agency-in-san-francisco,/locations/san-francisco
/synergy-labs---mobile-app-and-web-development-agency-in-dubai,/locations/dubai
/synergy-labs---mobile-app-and-web-development-agency-in-qatar,/locations/qatar
/synergy-labs---mobile-app-and-web-development-agency-in-phonix,/synergy-labs---mobile-app-and-web-development-agency-in-san-diego
/portfolio-signal,/signal
/rich-page,/rich-page-demo
/top-app-developers-in-miami-map,/synergy-labs---mobile-app-and-web-development-agency-in-miami
/www-synergylabs-co-top-app-developers-in-riyadh-map,/synergy-labs---mobile-and-web-developers-agency-in-riyadh
/synergy-labs---mobile-and-web-developers-agency-in-riyadh,/locations/riyadh
/synergy-labs---mobile-and-web-developers-agency-in-london,/locations/london
/synergy-labs---mobile-and-web-developers-agency-in-dubai,/locations/dubai
/synergy-labs---mobile-app-and-web-development-agency-in-jacksonville,/locations/jacksonville
/synergy-labs---mobile-app-and-web-development-agency-in-tampa,/locations/tampa
/synergy-labs---mobile-app-and-web-development-agency-in-singapore,/locations/singapore
/synergy-labs---mobile-app-and-web-development-agency-in-san-diego,/locations/san-diego
/synergy-labs---mobile-app-and-web-development-agency-in-phoenix,/locations/phoenix
/synergy-labs---mobile-app-and-web-development-agency-in-philadelphia,/locations/philadelphia
/synergy-labs---mobile-app-and-web-development-agency-in-orlando,/locations/orlando
/synergy-labs---mobile-app-and-web-development-agency-in-los-angeles,/locations/los-angeles
/synergy-labs---mobile-app-and-web-development-agency-in-jackson,/locations/jackson
/synergy-labs---mobile-app-and-web-development-agency-in-houston,/locations/houston
/synergy-labs---mobile-app-and-web-development-agency-in-atlanta,/locations/atlanta
/synergy-labs---mobile-app-and-web-development-agency-in-hartford,/locations/hartford
/synergy-labs---mobile-app-and-web-development-agency-in-san-francisco,/locations/san-francisco
/synergy-labs---mobile-app-and-web-development-agency-in-new-york-city,/locations/new-york-city
/synergy-labs---mobile-app-and-web-development-agency-in-miami,/locations/miami
/synergy-labs---mobile-app-and-web-developers-agency-in-austin,/locations/austin
/synergy-labs---mobile-and-web-development-agency-in-qatar,/locations/qatar
/synergy-labs---mobile-app-and-web-development-agency-in-london,/locations/london
/our-locations,/locations
/blog/android-games-paid,/blog/android-games-paid-for-2025
/synergy-labs---mobile-and-web-developers-agency-in-tampa,/locations/tampa
/services,/our-services
/30,/our-services
/locations-san-antonio,/locations/san-antonio
/locations-dallas,/locations/dallas
/synergy-labs---mobile-and-web-developers-agency-in-los-angeles,/locations/los-angeles
/synergy-labs---mobile-and-web-developers-agency-in-chicago,/locations/chicago
/synergy-labs---mobile-and-web-developers-agency-in-orlando,/locations/orlando
/synergy-labs---mobile-and-web-developers-agency-in-singapore,/locations/singapore
/blog/beyond-ads-the-2025-monetization-stack-for-high-ltv-apps,/blog/beyond-ads-the-2026-monetization-stack-for-high-ltv-apps
/blog/building-smarter-apps-in-2025-ai-personalization-predictive-models-and-nlp-ui,/blog/smarter-apps-ai-best-practices-2026
/blog/top-gpt-wrapper-use-cases-for-business-automation-in-2025,/blog/best-gpt-wrapper-automation-2026
/blog/why-san-diego-is-emerging-as-a-hub-for-app-dev-ai-innovation-in-2025,/blog/san-diego-app-ai-innovation-2026-guide
/blog/dubais-no-code-ai-startup-ecosystem-in-2025,/blog/dubai-no-code-ai-ecosystem-guide-2026
/blog/all-about-xano-pricing-in-2025-what-startups-should-know,/blog/xano-pricing-2026-guide-startups
/blog/design-focused-dev-platforms-in-2025,/blog/design-focused-development-platforms-2026
/blog/all-about-flutterflow-pricing-2025-a-deep-dive-into-the-best-plans-for-scaling-your-app,/blog/flutterflow-pricing-2026-a-deep-dive-into-the-best-plans-for-scaling-your-app
/blog/enterprise-app-development-complete-guide-2025,/blog/enterprise-app-development-complete-guide-2026
/blog/complete-guide-to-modernization-best-practices-in-2025,/blog/best-legacy-modernization-guide-2026
/blog/best-vibe-coding-platforms-of-2025-where-culture-meets-code,/blog/best-vibe-coding-platforms-2026-guide
/blog/7-must-have-flutter-plugins-for-app-development-in-2025,/blog/best-flutter-plugins-app-dev-2026
/blog/7-best-rork-ai-alternatives-for-smarter-workflow-automation-in-2025,/blog/best-rork-ai-alternatives-automation-2026
/blog/no-code-vs-ai-generated-apps-what-businesses-should-choose-in-2025,/blog/no-code-vs-ai-generated-apps-what-businesses-should-choose-in-2026
/blog/agentic-ai-explained-from-chatbots-to-autonomous-ai-agents-in-2025,/blog/agentic-ai-explained-from-chatbots-to-autonomous-ai-agents-in-2026
/blog/digital-transformation-services-definitive-guide-2025,/blog/the-definitive-guide-to-digital-transformation-services-for-mid-sized-enterprises-in-2026
