Name,Slug,Collection ID,Locale ID,Item ID,Archived,Draft,Created On,Updated On,Published On,Description,Order,Industry Logo,Title
Real Estate-Miami,real-estate,6a04c47741e7eeadd1b35a20,66ad2be6a1fc504a2d6a22b0,6a04c4b8ebb1f3b0acd5ef45,false,true,Wed May 13 2026 18:36:40 GMT+0000 (Coordinated Universal Time),Fri May 15 2026 12:09:41 GMT+0000 (Coordinated Universal Time),Thu May 14 2026 10:14:24 GMT+0000 (Coordinated Universal Time),"Miami's real estate market moves fast. We've built property search apps, agent tools, and transaction platforms that help real estate professionals close deals faster and give buyers a better experience.",3,https://cdn.prod.website-files.com/66ad2be6a1fc504a2d6a22b2/6a05cf53f08c1d0c09904945_retail.webp,Real Estate
SaaS & Startups,saas-startups,6a04c47741e7eeadd1b35a20,66ad2be6a1fc504a2d6a22b0,6a05d2fb7d6dd07cde726a07,false,false,Thu May 14 2026 13:49:47 GMT+0000 (Coordinated Universal Time),Thu May 14 2026 17:02:44 GMT+0000 (Coordinated Universal Time),Thu May 14 2026 17:37:57 GMT+0000 (Coordinated Universal Time),We help early-stage companies and growing startups build MVPs through mobile app and web development that attract funding and scale to product-market fit. Our lean process gets you to market fast without sacrificing code quality.,6,https://cdn.prod.website-files.com/66ad2be6a1fc504a2d6a22b2/6a05d8442565fb1789d350fd_startup.webp,SaaS & Startups
AI & Machine Learning-San Francisco,ai-machine-learning,6a04c47741e7eeadd1b35a20,66ad2be6a1fc504a2d6a22b0,6a05d2fb7d6dd07cde726a09,false,true,Thu May 14 2026 13:49:47 GMT+0000 (Coordinated Universal Time),Fri May 15 2026 12:09:30 GMT+0000 (Coordinated Universal Time),Thu May 14 2026 17:37:57 GMT+0000 (Coordinated Universal Time),"San Francisco leads the world in AI. We integrate machine learning models into mobile app development projects and web apps, building AI-powered features like natural language search, image recognition, and predictive analytics.",7,https://cdn.prod.website-files.com/66ad2be6a1fc504a2d6a22b2/6a05d838ff77f529998bc309_ai.webp,AI & Machine Learning
Enterprise Software,enterprise-software,6a04c47741e7eeadd1b35a20,66ad2be6a1fc504a2d6a22b0,6a05d2fb7d6dd07cde726a0b,false,false,Thu May 14 2026 13:49:47 GMT+0000 (Coordinated Universal Time),Thu May 14 2026 16:21:26 GMT+0000 (Coordinated Universal Time),Thu May 14 2026 17:37:57 GMT+0000 (Coordinated Universal Time),"For larger enterprise organizations in the Financial District and across the Bay Area, we modernize legacy systems into modern, scalable web development platforms and mobile apps that employees and customers actually want to use.",8,https://cdn.prod.website-files.com/66ad2be6a1fc504a2d6a22b2/6a05d8301fcf96635f25fa76_enterprise.webp,Enterprise Software
Fintech & Banking,fintech-banking,6a04c47741e7eeadd1b35a20,66ad2be6a1fc504a2d6a22b0,6a05d8ae9c8159e7bc889908,false,false,Thu May 14 2026 14:14:06 GMT+0000 (Coordinated Universal Time),Thu May 14 2026 17:06:16 GMT+0000 (Coordinated Universal Time),Thu May 14 2026 17:37:57 GMT+0000 (Coordinated Universal Time),"We build secure mobile and web applications for fintech startups and established financial institutions, with deep experience in PCI DSS and SOC 2 compliance. From mobile banking interfaces to trading dashboards, our fintech development is built for regulatory scrutiny.",9,https://cdn.prod.website-files.com/66ad2be6a1fc504a2d6a22b2/6a05cf68f687efe2bc3fe0b2_fintech.webp,Fintech & Banking
Healthcare & Telehealth,healthcare-telehealth,6a04c47741e7eeadd1b35a20,66ad2be6a1fc504a2d6a22b0,6a05d8ae9c8159e7bc88990a,false,false,Thu May 14 2026 14:14:06 GMT+0000 (Coordinated Universal Time),Thu May 14 2026 17:02:43 GMT+0000 (Coordinated Universal Time),Thu May 14 2026 17:37:57 GMT+0000 (Coordinated Universal Time),"We develop HIPAA-compliant healthcare applications including telehealth platforms, patient portals, and EHR integrations. Our healthcare clients need reliable, secure digital tools that patients and providers can trust, and we build with those standards from day one.",10,https://cdn.prod.website-files.com/66ad2be6a1fc504a2d6a22b2/6a05cf61a73add9bf609f8da_health.webp,Healthcare & Telehealth
Retail & E-commerce,retail-ecommerce,6a04c47741e7eeadd1b35a20,66ad2be6a1fc504a2d6a22b0,6a05d8ae9c8159e7bc88990c,false,false,Thu May 14 2026 14:14:06 GMT+0000 (Coordinated Universal Time),Thu May 14 2026 17:02:44 GMT+0000 (Coordinated Universal Time),Thu May 14 2026 17:37:57 GMT+0000 (Coordinated Universal Time),"We build mobile commerce apps and e-commerce platforms with custom integrations, checkout optimization, and inventory management. Whether you operate storefronts or sell exclusively online, we build for conversion and scale.",11,https://cdn.prod.website-files.com/66ad2be6a1fc504a2d6a22b2/6a05cf480ff9da21767e4cdf_ecommerce.webp,Retail & E-commerce
Real Estate & PropTech,real-estate-proptech,6a04c47741e7eeadd1b35a20,66ad2be6a1fc504a2d6a22b0,6a05d8ae9c8159e7bc889910,false,false,Thu May 14 2026 14:14:06 GMT+0000 (Coordinated Universal Time),Thu May 14 2026 17:06:16 GMT+0000 (Coordinated Universal Time),Thu May 14 2026 17:37:57 GMT+0000 (Coordinated Universal Time),"We build property search apps, virtual tour platforms, and tenant management portals for one of the most competitive real estate markets in the country. Your technology needs to move as fast as the market does.",13,https://cdn.prod.website-files.com/66ad2be6a1fc504a2d6a22b2/6a05cf53f08c1d0c09904945_retail.webp,Real Estate & PropTech
On-Demand & Logistics,on-demand-logistics,6a04c47741e7eeadd1b35a20,66ad2be6a1fc504a2d6a22b0,6a05d8ae9c8159e7bc889912,false,false,Thu May 14 2026 14:14:06 GMT+0000 (Coordinated Universal Time),Thu May 14 2026 17:02:43 GMT+0000 (Coordinated Universal Time),Thu May 14 2026 17:37:57 GMT+0000 (Coordinated Universal Time),"From delivery services to fleet management, we build on-demand booking apps and logistics platforms tailored to the operational complexity of businesses serving large, distributed customer bases.",14,https://cdn.prod.website-files.com/66ad2be6a1fc504a2d6a22b2/6a05da8b0c8742d51f6b6e57_logistics.webp,On-Demand & Logistics
Oil & Gas / Energy-Dallas,oil-gas-energy,6a04c47741e7eeadd1b35a20,66ad2be6a1fc504a2d6a22b0,6a05de1facfa78b422d79220,false,true,Thu May 14 2026 14:37:19 GMT+0000 (Coordinated Universal Time),Fri May 15 2026 12:08:38 GMT+0000 (Coordinated Universal Time),Thu May 14 2026 17:37:57 GMT+0000 (Coordinated Universal Time),"Dallas has long been a hub for the energy sector. We build field operations apps, asset tracking systems, and data dashboards for oil and gas companies managing distributed operations.",15,https://cdn.prod.website-files.com/66ad2be6a1fc504a2d6a22b2/6a05e0c40101809bd5b1d1e4_energy.webp,Oil & Gas / Energy
Education-Texas-Dallas,education,6a04c47741e7eeadd1b35a20,66ad2be6a1fc504a2d6a22b0,6a05de1facfa78b422d79222,false,true,Thu May 14 2026 14:37:19 GMT+0000 (Coordinated Universal Time),Fri May 15 2026 12:08:47 GMT+0000 (Coordinated Universal Time),Thu May 14 2026 17:37:57 GMT+0000 (Coordinated Universal Time),"We develop learning management systems, student engagement platforms, and administrative tools for schools and edtech companies across Texas.",16,https://cdn.prod.website-files.com/66ad2be6a1fc504a2d6a22b2/6a05e0ac2ecd05a0648d433e_education%20(1).webp,Education
Insurance & Financial Services-Springfield,insurance-financial-services,6a04c47741e7eeadd1b35a20,66ad2be6a1fc504a2d6a22b0,6a05e22a746e9788a76bcedf,false,true,Thu May 14 2026 14:54:34 GMT+0000 (Coordinated Universal Time),Fri May 15 2026 12:08:19 GMT+0000 (Coordinated Universal Time),Thu May 14 2026 17:37:57 GMT+0000 (Coordinated Universal Time),"Springfield is home to MassMutual. We build secure, compliant digital tools for insurance and financial services firms across Western Massachusetts.",17,https://cdn.prod.website-files.com/66ad2be6a1fc504a2d6a22b2/6a05e5585e94b853f4a4ef51_insuarance.webp,Insurance & Financial Services
Education & Higher Ed-Springfield,education-higher-ed,6a04c47741e7eeadd1b35a20,66ad2be6a1fc504a2d6a22b0,6a05e22a746e9788a76bcee1,false,true,Thu May 14 2026 14:54:34 GMT+0000 (Coordinated Universal Time),Fri May 15 2026 12:08:21 GMT+0000 (Coordinated Universal Time),Thu May 14 2026 17:37:57 GMT+0000 (Coordinated Universal Time),"We build custom web platforms, learning management systems, and apps for UMass Amherst, Smith College, Amherst College, and local institutions across Western Massachusetts.",18,https://cdn.prod.website-files.com/66ad2be6a1fc504a2d6a22b2/6a05e0ac2ecd05a0648d433e_education%20(1).webp,Education & Higher Ed
Nonprofit,nonprofit,6a04c47741e7eeadd1b35a20,66ad2be6a1fc504a2d6a22b0,6a05e22a746e9788a76bcee3,false,false,Thu May 14 2026 14:54:34 GMT+0000 (Coordinated Universal Time),Thu May 14 2026 17:06:16 GMT+0000 (Coordinated Universal Time),Thu May 14 2026 17:37:57 GMT+0000 (Coordinated Universal Time),"Competitive pricing and flexible engagement models for nonprofits. We help organizations build donor management tools, event registration platforms, and volunteer coordination apps that extend their mission.",19,https://cdn.prod.website-files.com/66ad2be6a1fc504a2d6a22b2/6a05e54ada2388da46a44ae5_nonprofit.webp,Nonprofit
Hospitality & Tourism,hospitality-tourism,6a04c47741e7eeadd1b35a20,66ad2be6a1fc504a2d6a22b0,6a05e22a746e9788a76bcee5,false,false,Thu May 14 2026 14:54:34 GMT+0000 (Coordinated Universal Time),Thu May 14 2026 17:06:16 GMT+0000 (Coordinated Universal Time),Thu May 14 2026 17:37:57 GMT+0000 (Coordinated Universal Time),"We build booking platforms, loyalty apps, mobile ticketing, and visitor experience tools for hospitality brands, hotels, restaurants, and entertainment venues.",20,https://cdn.prod.website-files.com/66ad2be6a1fc504a2d6a22b2/6a05cf407471d2d5b8f97db0_booking.webp,Hospitality & Tourism
Retail & Manufacturing,retail-manufacturing,6a04c47741e7eeadd1b35a20,66ad2be6a1fc504a2d6a22b0,6a05e22a746e9788a76bcee7,false,false,Thu May 14 2026 14:54:34 GMT+0000 (Coordinated Universal Time),Thu May 14 2026 16:21:26 GMT+0000 (Coordinated Universal Time),Thu May 14 2026 17:37:57 GMT+0000 (Coordinated Universal Time),"E-commerce platforms and custom web applications for retailers and manufacturers. We build inventory management systems, mobile shopping apps, and digital storefronts that drive revenue.",21,,Retail & Manufacturing
Agriculture-Ohio,agriculture,6a04c47741e7eeadd1b35a20,66ad2be6a1fc504a2d6a22b0,6a05e637f8ba6babba9f7079,false,true,Thu May 14 2026 15:11:51 GMT+0000 (Coordinated Universal Time),Fri May 15 2026 12:07:42 GMT+0000 (Coordinated Universal Time),Thu May 14 2026 17:37:57 GMT+0000 (Coordinated Universal Time),"We build field tracking apps, equipment maintenance platforms, and supply chain portals for agricultural businesses across Pickaway County and surrounding Ohio farming communities.",22,,Agriculture
Contractors & Service Companies,contractors-service-companies,6a04c47741e7eeadd1b35a20,66ad2be6a1fc504a2d6a22b0,6a05e637f8ba6babba9f707b,false,false,Thu May 14 2026 15:11:51 GMT+0000 (Coordinated Universal Time),Thu May 14 2026 16:21:26 GMT+0000 (Coordinated Universal Time),Thu May 14 2026 17:37:57 GMT+0000 (Coordinated Universal Time),"Estimate builders, job tracking tools, and customer communication apps for contractors and service companies. We build the operational software that keeps field teams and clients connected.",23,,Contractors & Service Companies
Professional Services,professional-services,6a04c47741e7eeadd1b35a20,66ad2be6a1fc504a2d6a22b0,6a05e637f8ba6babba9f707d,false,false,Thu May 14 2026 15:11:51 GMT+0000 (Coordinated Universal Time),Thu May 14 2026 16:21:26 GMT+0000 (Coordinated Universal Time),Thu May 14 2026 17:37:57 GMT+0000 (Coordinated Universal Time),"Client portals, CRM integrations, and billing tools for professional services firms. We build the back-office software that reduces manual work and keeps your client relationships organized.",24,,Professional Services
Manufacturing,manufacturing,6a04c47741e7eeadd1b35a20,66ad2be6a1fc504a2d6a22b0,6a05e637f8ba6babba9f707f,false,false,Thu May 14 2026 15:11:51 GMT+0000 (Coordinated Universal Time),Thu May 14 2026 16:21:26 GMT+0000 (Coordinated Universal Time),Thu May 14 2026 17:37:57 GMT+0000 (Coordinated Universal Time),"Production dashboards, inventory management systems, and scheduling tools for manufacturing companies. We build the operational software that keeps production floors running efficiently.",25,,Manufacturing
Military & Government-San Antonio,military-government,6a04c47741e7eeadd1b35a20,66ad2be6a1fc504a2d6a22b0,6a05ecc0a90eb9eb848f8ed4,false,true,Thu May 14 2026 15:39:44 GMT+0000 (Coordinated Universal Time),Fri May 15 2026 12:07:20 GMT+0000 (Coordinated Universal Time),Thu May 14 2026 17:37:57 GMT+0000 (Coordinated Universal Time),"Military City USA is anchored by Joint Base San Antonio. We develop secure, scalable applications for defense contractors and government agencies that require controlled access, audit logging, and data encryption at rest and in transit.",28,,Military & Government
FinTech — Miami,fintech-miami,6a04c47741e7eeadd1b35a20,66ad2be6a1fc504a2d6a22b0,6a05efe395fac0badf35067e,false,false,Thu May 14 2026 15:53:07 GMT+0000 (Coordinated Universal Time),Thu May 14 2026 16:21:26 GMT+0000 (Coordinated Universal Time),Thu May 14 2026 17:37:57 GMT+0000 (Coordinated Universal Time),"Miami has become a serious FinTech hub. We build secure, compliant financial applications -- payment platforms, banking interfaces, and investment tools -- that handle sensitive data responsibly and meet regulatory requirements.",1,https://cdn.prod.website-files.com/66ad2be6a1fc504a2d6a22b2/6a05cf68f687efe2bc3fe0b2_fintech.webp,FinTech
Healthcare — Miami,healthcare-miami,6a04c47741e7eeadd1b35a20,66ad2be6a1fc504a2d6a22b0,6a05efe395fac0badf350680,false,false,Thu May 14 2026 15:53:07 GMT+0000 (Coordinated Universal Time),Thu May 14 2026 16:21:26 GMT+0000 (Coordinated Universal Time),Thu May 14 2026 17:37:57 GMT+0000 (Coordinated Universal Time),"From telehealth platforms to patient intake apps, we build healthcare software for Miami that prioritizes usability and data security. If your project involves protected health information, we build with HIPAA considerations from day one.",2,https://cdn.prod.website-files.com/66ad2be6a1fc504a2d6a22b2/6a05cf61a73add9bf609f8da_health.webp,Healthcare
Real Estate — Miami,real-estate-miami,6a04c47741e7eeadd1b35a20,66ad2be6a1fc504a2d6a22b0,6a05efe395fac0badf350682,false,false,Thu May 14 2026 15:53:07 GMT+0000 (Coordinated Universal Time),Thu May 14 2026 16:21:26 GMT+0000 (Coordinated Universal Time),Thu May 14 2026 17:37:57 GMT+0000 (Coordinated Universal Time),"Miami's real estate market moves fast. We've built property search apps, agent tools, and transaction platforms that help real estate professionals close deals faster and give buyers a better experience.",3,https://cdn.prod.website-files.com/66ad2be6a1fc504a2d6a22b2/6a05cf53f08c1d0c09904945_retail.webp,Real Estate
E-commerce — Miami,ecommerce-miami,6a04c47741e7eeadd1b35a20,66ad2be6a1fc504a2d6a22b0,6a05efe395fac0badf350684,false,false,Thu May 14 2026 15:53:07 GMT+0000 (Coordinated Universal Time),Thu May 14 2026 16:21:26 GMT+0000 (Coordinated Universal Time),Thu May 14 2026 17:37:57 GMT+0000 (Coordinated Universal Time),"Whether you're selling online, managing inventory across locations, or building a marketplace, we develop e-commerce solutions that scale with your business. Mobile commerce is where Miami shoppers are headed, and we build for that.",4,https://cdn.prod.website-files.com/66ad2be6a1fc504a2d6a22b2/6a05cf480ff9da21767e4cdf_ecommerce.webp,E-commerce
Hospitality — Miami,hospitality-miami,6a04c47741e7eeadd1b35a20,66ad2be6a1fc504a2d6a22b0,6a05efe395fac0badf350686,false,false,Thu May 14 2026 15:53:07 GMT+0000 (Coordinated Universal Time),Thu May 14 2026 16:21:26 GMT+0000 (Coordinated Universal Time),Thu May 14 2026 17:37:57 GMT+0000 (Coordinated Universal Time),"Miami's hospitality industry needs technology that keeps up with guest expectations. We build booking systems, loyalty apps, and operational tools for hotels, restaurants, and entertainment venues across South Florida.",5,https://cdn.prod.website-files.com/66ad2be6a1fc504a2d6a22b2/6a05cf407471d2d5b8f97db0_booking.webp,Hospitality
Fintech & Banking — San Francisco,fintech-sf,6a04c47741e7eeadd1b35a20,66ad2be6a1fc504a2d6a22b0,6a05efe395fac0badf350688,false,false,Thu May 14 2026 15:53:07 GMT+0000 (Coordinated Universal Time),Thu May 14 2026 16:21:26 GMT+0000 (Coordinated Universal Time),Thu May 14 2026 17:37:57 GMT+0000 (Coordinated Universal Time),"The Bay Area's fintech ecosystem demands apps that are fast, secure, and compliant. We build payment platforms, trading dashboards, and financial tools with enterprise-grade security for San Francisco fintech companies.",1,https://cdn.prod.website-files.com/66ad2be6a1fc504a2d6a22b2/6a05cf68f687efe2bc3fe0b2_fintech.webp,Fintech & Banking
Healthcare — San Francisco,healthcare-sf,6a04c47741e7eeadd1b35a20,66ad2be6a1fc504a2d6a22b0,6a05efe395fac0badf35068a,false,false,Thu May 14 2026 15:53:07 GMT+0000 (Coordinated Universal Time),Thu May 14 2026 16:21:26 GMT+0000 (Coordinated Universal Time),Thu May 14 2026 17:37:57 GMT+0000 (Coordinated Universal Time),"For San Francisco healthtech companies, we develop HIPAA-compliant mobile app development solutions and web development platforms -- from patient portals to telehealth apps -- with encrypted data handling and audit-ready architecture.",2,https://cdn.prod.website-files.com/66ad2be6a1fc504a2d6a22b2/6a05cf61a73add9bf609f8da_health.webp,Healthcare
E-Commerce & Marketplace — San Francisco,ecommerce-sf,6a04c47741e7eeadd1b35a20,66ad2be6a1fc504a2d6a22b0,6a05efe395fac0badf35068c,false,false,Thu May 14 2026 15:53:07 GMT+0000 (Coordinated Universal Time),Thu May 14 2026 16:21:26 GMT+0000 (Coordinated Universal Time),Thu May 14 2026 17:37:57 GMT+0000 (Coordinated Universal Time),"We build scalable marketplace platforms and e-commerce apps with real-time inventory, payment processing, and AI-powered recommendation engines for San Francisco's e-commerce and marketplace sector.",3,https://cdn.prod.website-files.com/66ad2be6a1fc504a2d6a22b2/6a05cf480ff9da21767e4cdf_ecommerce.webp,E-Commerce & Marketplace
Fintech & Banking — New York,fintech-nyc,6a04c47741e7eeadd1b35a20,66ad2be6a1fc504a2d6a22b0,6a05efe395fac0badf35068e,false,false,Thu May 14 2026 15:53:07 GMT+0000 (Coordinated Universal Time),Thu May 14 2026 16:21:26 GMT+0000 (Coordinated Universal Time),Thu May 14 2026 17:37:57 GMT+0000 (Coordinated Universal Time),"New York is the financial capital of the world. We build secure mobile and web applications for fintech startups and established financial institutions, with deep experience in PCI DSS and SOC 2 compliance. From mobile banking interfaces to trading dashboards, our fintech work is built for the regulatory scrutiny that comes with operating on or near Wall Street.",1,https://cdn.prod.website-files.com/66ad2be6a1fc504a2d6a22b2/6a05cf68f687efe2bc3fe0b2_fintech.webp,Fintech & Banking
Healthcare & Telehealth — New York,healthcare-nyc,6a04c47741e7eeadd1b35a20,66ad2be6a1fc504a2d6a22b0,6a05efe395fac0badf350690,false,false,Thu May 14 2026 15:53:07 GMT+0000 (Coordinated Universal Time),Thu May 14 2026 16:21:26 GMT+0000 (Coordinated Universal Time),Thu May 14 2026 17:37:57 GMT+0000 (Coordinated Universal Time),"We develop HIPAA-compliant healthcare applications including telehealth platforms, patient portals, and EHR integrations. NYC's dense healthcare network -- from Mount Sinai to neighborhood clinics -- demands reliable, secure digital tools that patients and providers can trust.",2,https://cdn.prod.website-files.com/66ad2be6a1fc504a2d6a22b2/6a05cf61a73add9bf609f8da_health.webp,Healthcare & Telehealth
Retail & E-commerce — New York,retail-ecommerce-nyc,6a04c47741e7eeadd1b35a20,66ad2be6a1fc504a2d6a22b0,6a05efe395fac0badf350692,false,false,Thu May 14 2026 15:53:07 GMT+0000 (Coordinated Universal Time),Thu May 14 2026 16:21:26 GMT+0000 (Coordinated Universal Time),Thu May 14 2026 17:37:57 GMT+0000 (Coordinated Universal Time),"For NYC's retail sector, we build mobile commerce apps and e-commerce platforms with Shopify and Magento integrations, checkout optimization, and inventory management. Whether you operate storefronts in SoHo or sell exclusively online, we build for conversion.",3,https://cdn.prod.website-files.com/66ad2be6a1fc504a2d6a22b2/6a05cf480ff9da21767e4cdf_ecommerce.webp,Retail & E-commerce
Media & Entertainment — New York,media-entertainment-nyc,6a04c47741e7eeadd1b35a20,66ad2be6a1fc504a2d6a22b0,6a05efe395fac0badf350694,false,false,Thu May 14 2026 15:53:07 GMT+0000 (Coordinated Universal Time),Thu May 14 2026 16:21:26 GMT+0000 (Coordinated Universal Time),Thu May 14 2026 17:37:57 GMT+0000 (Coordinated Universal Time),"New York is a global media hub. We build streaming platforms, live content delivery systems, and membership-based digital products for media companies, content creators, and entertainment brands operating out of Midtown, Chelsea, and beyond.",4,https://cdn.prod.website-files.com/66ad2be6a1fc504a2d6a22b2/6a05da9413792ebc984aa89b_entertainment.webp,Media & Entertainment
Real Estate & PropTech — New York,real-estate-nyc,6a04c47741e7eeadd1b35a20,66ad2be6a1fc504a2d6a22b0,6a05efe395fac0badf350696,false,false,Thu May 14 2026 15:53:07 GMT+0000 (Coordinated Universal Time),Thu May 14 2026 16:21:26 GMT+0000 (Coordinated Universal Time),Thu May 14 2026 17:37:57 GMT+0000 (Coordinated Universal Time),"In one of the world's hottest real estate markets, we build property search apps, virtual tour platforms, and tenant management portals. NYC real estate moves fast -- your technology needs to move faster.",5,https://cdn.prod.website-files.com/66ad2be6a1fc504a2d6a22b2/6a05cf53f08c1d0c09904945_retail.webp,Real Estate & PropTech
On-Demand & Logistics — New York,logistics-nyc,6a04c47741e7eeadd1b35a20,66ad2be6a1fc504a2d6a22b0,6a05efe395fac0badf350698,false,false,Thu May 14 2026 15:53:07 GMT+0000 (Coordinated Universal Time),Thu May 14 2026 16:21:26 GMT+0000 (Coordinated Universal Time),Thu May 14 2026 17:37:57 GMT+0000 (Coordinated Universal Time),"From delivery services to fleet management, we build on-demand booking apps and logistics platforms tailored to the operational complexity of serving New York City's five boroughs.",6,https://cdn.prod.website-files.com/66ad2be6a1fc504a2d6a22b2/6a05da8b0c8742d51f6b6e57_logistics.webp,On-Demand & Logistics
Fintech & Banking — Dallas,fintech-dallas,6a04c47741e7eeadd1b35a20,66ad2be6a1fc504a2d6a22b0,6a05effa36d9fe1f7202a4be,false,false,Thu May 14 2026 15:53:30 GMT+0000 (Coordinated Universal Time),Thu May 14 2026 16:21:26 GMT+0000 (Coordinated Universal Time),Thu May 14 2026 17:37:57 GMT+0000 (Coordinated Universal Time),"With major financial institutions headquartered in the Dallas-Fort Worth metro, we develop secure mobile banking apps, payment processing platforms, and financial dashboards that meet compliance requirements.",1,https://cdn.prod.website-files.com/66ad2be6a1fc504a2d6a22b2/6a05cf68f687efe2bc3fe0b2_fintech.webp,Fintech & Banking
Healthcare — Dallas,healthcare-dallas,6a04c47741e7eeadd1b35a20,66ad2be6a1fc504a2d6a22b0,6a05effa36d9fe1f7202a4c0,false,false,Thu May 14 2026 15:53:30 GMT+0000 (Coordinated Universal Time),Thu May 14 2026 16:21:26 GMT+0000 (Coordinated Universal Time),Thu May 14 2026 17:37:57 GMT+0000 (Coordinated Universal Time),"Dallas is home to one of the largest medical districts in the country. We build HIPAA-compliant patient portals, telehealth platforms, and clinical workflow apps for healthcare providers across DFW, combining custom mobile app builds with secure web portals.",2,https://cdn.prod.website-files.com/66ad2be6a1fc504a2d6a22b2/6a05cf61a73add9bf609f8da_health.webp,Healthcare
Real Estate — Dallas,real-estate-dallas,6a04c47741e7eeadd1b35a20,66ad2be6a1fc504a2d6a22b0,6a05effa36d9fe1f7202a4c2,false,false,Thu May 14 2026 15:53:30 GMT+0000 (Coordinated Universal Time),Thu May 14 2026 16:21:26 GMT+0000 (Coordinated Universal Time),Thu May 14 2026 17:37:57 GMT+0000 (Coordinated Universal Time),"The DFW real estate market is one of the most active in the country. We build property search apps, agent platforms, and virtual tour integrations for brokerages and proptech startups.",3,https://cdn.prod.website-files.com/66ad2be6a1fc504a2d6a22b2/6a05cf53f08c1d0c09904945_retail.webp,Real Estate
Retail & E-Commerce — Dallas,retail-dallas,6a04c47741e7eeadd1b35a20,66ad2be6a1fc504a2d6a22b0,6a05effa36d9fe1f7202a4c4,false,false,Thu May 14 2026 15:53:30 GMT+0000 (Coordinated Universal Time),Thu May 14 2026 16:21:26 GMT+0000 (Coordinated Universal Time),Thu May 14 2026 17:37:57 GMT+0000 (Coordinated Universal Time),"From NorthPark Center boutiques to omnichannel brands, we build custom e-commerce platforms, inventory management systems, and mobile shopping apps that drive revenue.",4,https://cdn.prod.website-files.com/66ad2be6a1fc504a2d6a22b2/6a05cf480ff9da21767e4cdf_ecommerce.webp,Retail & E-Commerce
Healthcare & Bioscience — San Antonio,healthcare-san-antonio,6a04c47741e7eeadd1b35a20,66ad2be6a1fc504a2d6a22b0,6a05effa36d9fe1f7202a4c6,false,false,Thu May 14 2026 15:53:30 GMT+0000 (Coordinated Universal Time),Thu May 14 2026 16:21:26 GMT+0000 (Coordinated Universal Time),Thu May 14 2026 17:37:57 GMT+0000 (Coordinated Universal Time),"San Antonio is home to the South Texas Medical Center, UT Health San Antonio, and University Health System. We build HIPAA-compliant patient portals, telehealth platforms, and clinical workflow apps that integrate with existing EHR systems.",1,https://cdn.prod.website-files.com/66ad2be6a1fc504a2d6a22b2/6a05cf61a73add9bf609f8da_health.webp,Healthcare & Bioscience
Hospitality & Tourism — San Antonio,hospitality-san-antonio,6a04c47741e7eeadd1b35a20,66ad2be6a1fc504a2d6a22b0,6a05effa36d9fe1f7202a4c8,false,false,Thu May 14 2026 15:53:30 GMT+0000 (Coordinated Universal Time),Thu May 14 2026 16:21:26 GMT+0000 (Coordinated Universal Time),Thu May 14 2026 17:37:57 GMT+0000 (Coordinated Universal Time),"The River Walk, the Alamo, and the Pearl District draw millions of visitors annually. We build booking platforms, loyalty apps, and visitor experience tools for San Antonio's hospitality brands. Mobile app development includes offline-capable features and real-time inventory sync.",2,https://cdn.prod.website-files.com/66ad2be6a1fc504a2d6a22b2/6a05cf407471d2d5b8f97db0_booking.webp,Hospitality & Tourism
Real Estate & PropTech — San Antonio,real-estate-san-antonio,6a04c47741e7eeadd1b35a20,66ad2be6a1fc504a2d6a22b0,6a05effa36d9fe1f7202a4ca,false,false,Thu May 14 2026 15:53:30 GMT+0000 (Coordinated Universal Time),Thu May 14 2026 16:21:26 GMT+0000 (Coordinated Universal Time),Thu May 14 2026 17:37:57 GMT+0000 (Coordinated Universal Time),"San Antonio's real estate market continues to expand across Southtown, the Dominion, and the Northwest Side. We build property search apps, virtual tour integrations, and CRM-connected lead management platforms for brokerages and property managers.",3,https://cdn.prod.website-files.com/66ad2be6a1fc504a2d6a22b2/6a05cf53f08c1d0c09904945_retail.webp,Real Estate & PropTech
HealthTech — Boston,healthtech-boston,6a04c47741e7eeadd1b35a20,66ad2be6a1fc504a2d6a22b0,6a05effa36d9fe1f7202a4cc,false,false,Thu May 14 2026 15:53:30 GMT+0000 (Coordinated Universal Time),Thu May 14 2026 16:21:26 GMT+0000 (Coordinated Universal Time),Thu May 14 2026 17:37:57 GMT+0000 (Coordinated Universal Time),"The Longwood Medical Area anchors Boston's healthcare innovation. We build HIPAA-compliant apps for telehealth, patient engagement, and clinical trial management.",1,https://cdn.prod.website-files.com/66ad2be6a1fc504a2d6a22b2/6a05cf61a73add9bf609f8da_health.webp,HealthTech
FinTech — Boston,fintech-boston,6a04c47741e7eeadd1b35a20,66ad2be6a1fc504a2d6a22b0,6a05effa36d9fe1f7202a4ce,false,false,Thu May 14 2026 15:53:30 GMT+0000 (Coordinated Universal Time),Thu May 14 2026 16:21:26 GMT+0000 (Coordinated Universal Time),Thu May 14 2026 17:37:57 GMT+0000 (Coordinated Universal Time),"From the Financial District to the Seaport, Boston's financial sector demands secure, scalable applications. We build trading platforms, payment integrations, and regulatory-compliant dashboards.",2,https://cdn.prod.website-files.com/66ad2be6a1fc504a2d6a22b2/6a05cf68f687efe2bc3fe0b2_fintech.webp,FinTech
BioTech & Life Sciences — Boston,biotech-boston,6a04c47741e7eeadd1b35a20,66ad2be6a1fc504a2d6a22b0,6a05effa36d9fe1f7202a4d0,false,false,Thu May 14 2026 15:53:30 GMT+0000 (Coordinated Universal Time),Thu May 14 2026 16:21:26 GMT+0000 (Coordinated Universal Time),Thu May 14 2026 17:37:57 GMT+0000 (Coordinated Universal Time),Kendall Square is the biotech capital of the world. We develop lab management tools and research collaboration apps for Boston-area companies scaling from Series A through IPO.,3,,BioTech & Life Sciences
EdTech — Boston,edtech-boston,6a04c47741e7eeadd1b35a20,66ad2be6a1fc504a2d6a22b0,6a05effa36d9fe1f7202a4d2,false,false,Thu May 14 2026 15:53:30 GMT+0000 (Coordinated Universal Time),Thu May 14 2026 16:21:26 GMT+0000 (Coordinated Universal Time),Thu May 14 2026 17:37:57 GMT+0000 (Coordinated Universal Time),"With MIT, Harvard, and dozens of universities nearby, Boston is an EdTech hub. We build learning management systems and AI-powered tutoring platforms for Boston's education sector.",4,https://cdn.prod.website-files.com/66ad2be6a1fc504a2d6a22b2/6a05e0ac2ecd05a0648d433e_education%20(1).webp,EdTech
Retail & eCommerce — Boston,retail-boston,6a04c47741e7eeadd1b35a20,66ad2be6a1fc504a2d6a22b0,6a05effa36d9fe1f7202a4d4,false,false,Thu May 14 2026 15:53:30 GMT+0000 (Coordinated Universal Time),Thu May 14 2026 16:21:26 GMT+0000 (Coordinated Universal Time),Thu May 14 2026 17:37:57 GMT+0000 (Coordinated Universal Time),"From Back Bay boutiques to enterprise retailers, we build mobile commerce apps and omnichannel customer experiences for Boston's retail sector.",5,https://cdn.prod.website-files.com/66ad2be6a1fc504a2d6a22b2/6a05cf480ff9da21767e4cdf_ecommerce.webp,Retail & eCommerce
Logistics — Tampa,logistics-tampa,6a04c47741e7eeadd1b35a20,66ad2be6a1fc504a2d6a22b0,6a060201ba8aed27cc01942e,false,false,Thu May 14 2026 17:10:25 GMT+0000 (Coordinated Universal Time),Thu May 14 2026 17:10:25 GMT+0000 (Coordinated Universal Time),Thu May 14 2026 17:37:57 GMT+0000 (Coordinated Universal Time),"From the Port Tampa Bay logistics corridor to the I-4 corridor, we build fleet tracking apps, warehouse management systems, and supply chain visibility platforms tailored to Tampa's logistics sector.",29,https://cdn.prod.website-files.com/66ad2be6a1fc504a2d6a22b2/6a05da8b0c8742d51f6b6e57_logistics.webp,Logistics
Biotech & Life Sciences — San Diego,biotech-life-sciences-san-diego,6a04c47741e7eeadd1b35a20,66ad2be6a1fc504a2d6a22b0,6a0603b9a0c880683ff9cf01,false,false,Thu May 14 2026 17:17:45 GMT+0000 (Coordinated Universal Time),Fri May 15 2026 16:06:22 GMT+0000 (Coordinated Universal Time),Fri May 15 2026 16:11:25 GMT+0000 (Coordinated Universal Time),"The Torrey Pines and Sorrento Valley corridor is home to hundreds of biotech firms. We build lab data management platforms, patient-facing trial apps, and regulatory-compliant software for life sciences companies across San Diego.",30,https://cdn.prod.website-files.com/66ad2be6a1fc504a2d6a22b2/6a07447a733143cbafff15b7_science.webp,Biotech & Life Sciences
Defense & Aerospace — San Diego,defense-aerospace-san-diego,6a04c47741e7eeadd1b35a20,66ad2be6a1fc504a2d6a22b0,6a0603b9a0c880683ff9cf03,false,false,Thu May 14 2026 17:17:45 GMT+0000 (Coordinated Universal Time),Fri May 15 2026 16:06:34 GMT+0000 (Coordinated Universal Time),Fri May 15 2026 16:11:25 GMT+0000 (Coordinated Universal Time),"Point Loma and the broader San Diego defense corridor house major contractors and DoD operations. Our team builds secure mobile applications, field-data collection tools, and classified-network-adjacent systems with the security posture these clients require.",31,https://cdn.prod.website-files.com/66ad2be6a1fc504a2d6a22b2/6a07448601fd5b68850d51e8_airspace.webp,Defense & Aerospace
Tourism & Hospitality — San Diego,tourism-hospitality-san-diego,6a04c47741e7eeadd1b35a20,66ad2be6a1fc504a2d6a22b0,6a0603b9a0c880683ff9cf05,false,false,Thu May 14 2026 17:17:45 GMT+0000 (Coordinated Universal Time),Thu May 14 2026 17:17:45 GMT+0000 (Coordinated Universal Time),Thu May 14 2026 17:37:57 GMT+0000 (Coordinated Universal Time),"From the Gaslamp Quarter to La Jolla Cove, San Diego's tourism sector needs booking platforms, guest experience apps, and operational tools that handle seasonal surges. We build mobile and web solutions that integrate with POS, PMS, and channel management systems.",32,https://cdn.prod.website-files.com/66ad2be6a1fc504a2d6a22b2/6a05cf407471d2d5b8f97db0_booking.webp,Tourism & Hospitality
Healthcare — San Diego,healthcare-san-diego,6a04c47741e7eeadd1b35a20,66ad2be6a1fc504a2d6a22b0,6a0603b9a0c880683ff9cf07,false,false,Thu May 14 2026 17:17:45 GMT+0000 (Coordinated Universal Time),Thu May 14 2026 17:17:45 GMT+0000 (Coordinated Universal Time),Thu May 14 2026 17:37:57 GMT+0000 (Coordinated Universal Time),"San Diego's healthcare network spans major hospital systems and telehealth startups. We develop HIPAA-compliant patient portals, remote monitoring apps, and clinical workflow tools for the region's growing healthcare sector.",33,https://cdn.prod.website-files.com/66ad2be6a1fc504a2d6a22b2/6a05cf61a73add9bf609f8da_health.webp,Healthcare
SaaS & Startups — San Diego,saas-startups-san-diego,6a04c47741e7eeadd1b35a20,66ad2be6a1fc504a2d6a22b0,6a0603b9a0c880683ff9cf09,false,false,Thu May 14 2026 17:17:45 GMT+0000 (Coordinated Universal Time),Thu May 14 2026 17:17:45 GMT+0000 (Coordinated Universal Time),Thu May 14 2026 17:37:57 GMT+0000 (Coordinated Universal Time),"UTC and Downtown San Diego are home to a growing startup ecosystem. We help founders build MVPs, validate product-market fit, and scale their custom mobile app or web platform from first users to Series A and beyond.",34,https://cdn.prod.website-files.com/66ad2be6a1fc504a2d6a22b2/6a05d8442565fb1789d350fd_startup.webp,SaaS & Startups
Logistics & Supply Chain — Phoenix,logistics-phoenix,6a04c47741e7eeadd1b35a20,66ad2be6a1fc504a2d6a22b0,6a06067356d616d97d6a7219,false,false,Thu May 14 2026 17:29:23 GMT+0000 (Coordinated Universal Time),Thu May 14 2026 17:29:23 GMT+0000 (Coordinated Universal Time),Thu May 14 2026 17:37:57 GMT+0000 (Coordinated Universal Time),"For logistics companies operating out of the I-10 corridor and Phoenix's major distribution hubs, we develop fleet tracking, warehouse management, and route optimization platforms that reduce operational overhead.",35,https://cdn.prod.website-files.com/66ad2be6a1fc504a2d6a22b2/6a05da8b0c8742d51f6b6e57_logistics.webp,Logistics & Supply Chain
Startups — Phoenix,startups-phoenix,6a04c47741e7eeadd1b35a20,66ad2be6a1fc504a2d6a22b0,6a06067356d616d97d6a721b,false,false,Thu May 14 2026 17:29:23 GMT+0000 (Coordinated Universal Time),Thu May 14 2026 17:29:23 GMT+0000 (Coordinated Universal Time),Thu May 14 2026 17:37:57 GMT+0000 (Coordinated Universal Time),"For startups emerging from ASU's innovation ecosystem in Tempe and the growing coworking spaces across Scottsdale and Downtown Phoenix, we deliver MVPs designed to attract investors and validate ideas quickly. Our lean-launch approach gets your product to market in weeks, not months.",36,https://cdn.prod.website-files.com/66ad2be6a1fc504a2d6a22b2/6a05d8442565fb1789d350fd_startup.webp,Startups
Healthcare & Life Sciences — Philadelphia,healthcare-life-sciences-philadelphia,6a04c47741e7eeadd1b35a20,66ad2be6a1fc504a2d6a22b0,6a06067356d616d97d6a721d,false,false,Thu May 14 2026 17:29:23 GMT+0000 (Coordinated Universal Time),Thu May 14 2026 17:29:23 GMT+0000 (Coordinated Universal Time),Thu May 14 2026 17:37:57 GMT+0000 (Coordinated Universal Time),"Philadelphia is home to world-class medical institutions including the University of Pennsylvania Health System and Jefferson Health. We build custom mobile apps and HIPAA-aware web platforms for patient engagement, appointment scheduling, and clinical workflows. The pharma concentration along the Route 30 corridor drives demand for apps that understand regulatory requirements.",37,https://cdn.prod.website-files.com/66ad2be6a1fc504a2d6a22b2/6a05cf61a73add9bf609f8da_health.webp,Healthcare & Life Sciences
Higher Education — Philadelphia,higher-education-philadelphia,6a04c47741e7eeadd1b35a20,66ad2be6a1fc504a2d6a22b0,6a06067356d616d97d6a721f,false,false,Thu May 14 2026 17:29:23 GMT+0000 (Coordinated Universal Time),Thu May 14 2026 17:29:23 GMT+0000 (Coordinated Universal Time),Thu May 14 2026 17:37:57 GMT+0000 (Coordinated Universal Time),"With over 100 colleges and universities in Greater Philadelphia, we work with institutions to build enrollment tools, campus navigation apps, alumni engagement platforms, and lab management tools. University City alone hosts multiple research universities whose departments need custom solutions.",38,https://cdn.prod.website-files.com/66ad2be6a1fc504a2d6a22b2/6a05e0ac2ecd05a0648d433e_education%20(1).webp,Higher Education
Simulation & Defense — Orlando,simulation-defense-orlando,6a04c47741e7eeadd1b35a20,66ad2be6a1fc504a2d6a22b0,6a06067356d616d97d6a7221,false,false,Thu May 14 2026 17:29:23 GMT+0000 (Coordinated Universal Time),Fri May 15 2026 16:07:11 GMT+0000 (Coordinated Universal Time),Fri May 15 2026 16:11:25 GMT+0000 (Coordinated Universal Time),"Central Florida's simulation corridor near UCF and the Research Parkway is home to defense contractors and training technology firms. We build data-intensive dashboards, real-time visualization tools, and field-ready mobile applications for this sector.",39,https://cdn.prod.website-files.com/66ad2be6a1fc504a2d6a22b2/6a0744a9921e8b0f7cc0a0f6_vr.webp,Simulation & Defense
Tourism & Hospitality — Orlando,tourism-hospitality-orlando,6a04c47741e7eeadd1b35a20,66ad2be6a1fc504a2d6a22b0,6a06067356d616d97d6a7223,false,false,Thu May 14 2026 17:29:23 GMT+0000 (Coordinated Universal Time),Thu May 14 2026 17:29:23 GMT+0000 (Coordinated Universal Time),Thu May 14 2026 17:37:57 GMT+0000 (Coordinated Universal Time),"With over 75 million visitors per year, Orlando's tourism industry demands mobile-first experiences. We build custom mobile apps for hotels, attractions, tour operators, and restaurants along International Drive. From real-time booking engines to in-venue wayfinding, we help hospitality businesses convert foot traffic into revenue.",40,https://cdn.prod.website-files.com/66ad2be6a1fc504a2d6a22b2/6a05cf407471d2d5b8f97db0_booking.webp,Tourism & Hospitality
Entertainment & Media — Los Angeles,entertainment-media-la,6a04c47741e7eeadd1b35a20,66ad2be6a1fc504a2d6a22b0,6a06067356d616d97d6a7225,false,false,Thu May 14 2026 17:29:23 GMT+0000 (Coordinated Universal Time),Fri May 15 2026 16:08:40 GMT+0000 (Coordinated Universal Time),Fri May 15 2026 16:11:25 GMT+0000 (Coordinated Universal Time),"Los Angeles is the entertainment capital of the world, and we build the digital products that support it. From production management apps used on Hollywood sets to fan engagement platforms for Burbank-based studios, we understand the content workflows, rights management constraints, and audience-scale demands unique to LA's media ecosystem.",41,https://cdn.prod.website-files.com/66ad2be6a1fc504a2d6a22b2/6a074504dc682e3c1d31b808_entertainment.webp,Entertainment & Media
Film & Entertainment Tech — Atlanta,film-entertainment-atlanta,6a04c47741e7eeadd1b35a20,66ad2be6a1fc504a2d6a22b0,6a06067356d616d97d6a7227,false,false,Thu May 14 2026 17:29:23 GMT+0000 (Coordinated Universal Time),Thu May 14 2026 17:29:23 GMT+0000 (Coordinated Universal Time),Thu May 14 2026 17:37:57 GMT+0000 (Coordinated Universal Time),"Atlanta's booming film industry — the largest production center outside of Los Angeles — drives demand for production management apps, talent booking platforms, and content distribution tools. Our team builds the mobile and web solutions that keep Atlanta productions running.",42,,Film & Entertainment Tech
FinTech & Payments — Atlanta,fintech-payments-atlanta,6a04c47741e7eeadd1b35a20,66ad2be6a1fc504a2d6a22b0,6a06067356d616d97d6a7229,false,false,Thu May 14 2026 17:29:23 GMT+0000 (Coordinated Universal Time),Thu May 14 2026 17:29:23 GMT+0000 (Coordinated Universal Time),Thu May 14 2026 17:37:57 GMT+0000 (Coordinated Universal Time),"Atlanta processes over 70% of all U.S. payment transactions, home to major players like NCR and Fiserv. We build secure, compliant mobile and web applications for fintech startups and established payment processors across the metro Atlanta corridor, from Midtown offices to the Alpharetta tech hub.",43,https://cdn.prod.website-files.com/66ad2be6a1fc504a2d6a22b2/6a05cf68f687efe2bc3fe0b2_fintech.webp,FinTech & Payments
Outdoor Recreation & Tourism — Jackson,outdoor-recreation-jackson,6a04c47741e7eeadd1b35a20,66ad2be6a1fc504a2d6a22b0,6a06067356d616d97d6a722b,false,false,Thu May 14 2026 17:29:23 GMT+0000 (Coordinated Universal Time),Thu May 14 2026 17:29:23 GMT+0000 (Coordinated Universal Time),Thu May 14 2026 17:37:57 GMT+0000 (Coordinated Universal Time),"Tourism and hospitality are the backbone of the Jackson Hole economy. We build booking platforms, reservation apps, and mobile-friendly websites for outfitters, resorts, restaurants, and recreation companies. We understand FareHarbor and Checkfront integrations and the seasonal traffic patterns of Grand Teton National Park visitors.",44,https://cdn.prod.website-files.com/66ad2be6a1fc504a2d6a22b2/6a05cf407471d2d5b8f97db0_booking.webp,Outdoor Recreation & Tourism
Insurance & InsurTech — Hartford,insurance-insurtech-hartford,6a04c47741e7eeadd1b35a20,66ad2be6a1fc504a2d6a22b0,6a06067356d616d97d6a722d,false,false,Thu May 14 2026 17:29:23 GMT+0000 (Coordinated Universal Time),Thu May 14 2026 17:29:23 GMT+0000 (Coordinated Universal Time),Thu May 14 2026 17:37:57 GMT+0000 (Coordinated Universal Time),"Hartford is the insurance capital of the United States. We build claims portals, agent dashboards, policyholder apps, and underwriting tools for insurance carriers, InsurTech startups, and brokerages across Connecticut.",45,https://cdn.prod.website-files.com/66ad2be6a1fc504a2d6a22b2/6a05e5585e94b853f4a4ef51_insuarance.webp,Insurance & InsurTech
Oil & Gas / Energy — Houston,oil-gas-energy-houston,6a04c47741e7eeadd1b35a20,66ad2be6a1fc504a2d6a22b0,6a070dd529e27c4aec11385f,false,false,Fri May 15 2026 12:13:09 GMT+0000 (Coordinated Universal Time),Fri May 15 2026 12:13:09 GMT+0000 (Coordinated Universal Time),Fri May 15 2026 15:58:24 GMT+0000 (Coordinated Universal Time),"Houston is the energy capital of the world. We develop field operations apps, real-time pipeline monitoring dashboards, and crew scheduling platforms that help energy companies replace paper-based workflows with mobile-first solutions. Our offline-first architecture handles low-connectivity environments unique to upstream and midstream operations.",46,https://cdn.prod.website-files.com/66ad2be6a1fc504a2d6a22b2/6a05e5585e94b853f4a4ef51_insuarance.webp,Oil & Gas / Energy
Healthcare — Houston,healthcare-houston,6a04c47741e7eeadd1b35a20,66ad2be6a1fc504a2d6a22b0,6a070dd529e27c4aec113861,false,false,Fri May 15 2026 12:13:09 GMT+0000 (Coordinated Universal Time),Fri May 15 2026 12:13:09 GMT+0000 (Coordinated Universal Time),Fri May 15 2026 15:58:24 GMT+0000 (Coordinated Universal Time),"The Texas Medical Center is the largest medical complex on Earth. We build HIPAA-compliant patient engagement apps, appointment scheduling systems, and clinical data dashboards for healthcare organizations across Greater Houston. Our apps integrate with EHR systems and support telehealth workflows.",47,https://cdn.prod.website-files.com/66ad2be6a1fc504a2d6a22b2/6a05cf61a73add9bf609f8da_health.webp,Healthcare
FinTech — Houston,fintech-houston,6a04c47741e7eeadd1b35a20,66ad2be6a1fc504a2d6a22b0,6a070dd529e27c4aec113863,false,false,Fri May 15 2026 12:13:09 GMT+0000 (Coordinated Universal Time),Fri May 15 2026 12:13:09 GMT+0000 (Coordinated Universal Time),Fri May 15 2026 15:58:24 GMT+0000 (Coordinated Universal Time),"Houston's growing financial services sector needs secure, real-time applications. We build custom mobile apps for payment processing, portfolio management, and regulatory reporting, all with bank-grade security and audit trails.",48,https://cdn.prod.website-files.com/66ad2be6a1fc504a2d6a22b2/6a05cf68f687efe2bc3fe0b2_fintech.webp,FinTech
Real Estate — Houston,real-estate-houston,6a04c47741e7eeadd1b35a20,66ad2be6a1fc504a2d6a22b0,6a070dd529e27c4aec113865,false,false,Fri May 15 2026 12:13:09 GMT+0000 (Coordinated Universal Time),Fri May 15 2026 12:13:09 GMT+0000 (Coordinated Universal Time),Fri May 15 2026 15:58:24 GMT+0000 (Coordinated Universal Time),"From residential brokerages to commercial property management firms, we build listing platforms, tenant portals, and investment analysis tools tailored to the Houston real estate market.",49,https://cdn.prod.website-files.com/66ad2be6a1fc504a2d6a22b2/6a05cf53f08c1d0c09904945_retail.webp,Real Estate
E-Commerce — Houston,ecommerce-houston,6a04c47741e7eeadd1b35a20,66ad2be6a1fc504a2d6a22b0,6a070dd529e27c4aec113867,false,false,Fri May 15 2026 12:13:09 GMT+0000 (Coordinated Universal Time),Fri May 15 2026 12:13:09 GMT+0000 (Coordinated Universal Time),Fri May 15 2026 15:58:24 GMT+0000 (Coordinated Universal Time),"We develop custom e-commerce web applications and mobile storefronts that integrate with payment gateways, inventory systems, and shipping providers. Our e-commerce builds prioritize conversion optimization and mobile performance.",50,https://cdn.prod.website-files.com/66ad2be6a1fc504a2d6a22b2/6a05cf480ff9da21767e4cdf_ecommerce.webp,E-Commerce
Healthcare & HealthTech — Atlanta,healthcare-atlanta,6a04c47741e7eeadd1b35a20,66ad2be6a1fc504a2d6a22b0,6a070f0ef81afbccce99e17d,false,false,Fri May 15 2026 12:18:22 GMT+0000 (Coordinated Universal Time),Fri May 15 2026 12:18:22 GMT+0000 (Coordinated Universal Time),Fri May 15 2026 15:58:24 GMT+0000 (Coordinated Universal Time),"Atlanta's healthcare sector demands HIPAA-compliant mobile applications. We build patient portals, telehealth platforms, and clinical workflow tools that meet strict security and privacy requirements while delivering a modern user experience.",51,https://cdn.prod.website-files.com/66ad2be6a1fc504a2d6a22b2/6a05cf61a73add9bf609f8da_health.webp,Healthcare & HealthTech
Logistics & Supply Chain — Atlanta,logistics-atlanta,6a04c47741e7eeadd1b35a20,66ad2be6a1fc504a2d6a22b0,6a070f0ef81afbccce99e17f,false,false,Fri May 15 2026 12:18:22 GMT+0000 (Coordinated Universal Time),Fri May 15 2026 12:18:22 GMT+0000 (Coordinated Universal Time),Fri May 15 2026 15:58:24 GMT+0000 (Coordinated Universal Time),"With Hartsfield-Jackson as the world's busiest airport and Atlanta's position as a Southeast distribution hub, logistics companies here need real-time tracking, route optimization, and warehouse management applications. We build them.",52,https://cdn.prod.website-files.com/66ad2be6a1fc504a2d6a22b2/6a05da8b0c8742d51f6b6e57_logistics.webp,Logistics & Supply Chain
E-Commerce & SaaS — Atlanta,ecommerce-saas-atlanta,6a04c47741e7eeadd1b35a20,66ad2be6a1fc504a2d6a22b0,6a070f0ef81afbccce99e181,false,false,Fri May 15 2026 12:18:22 GMT+0000 (Coordinated Universal Time),Fri May 15 2026 12:18:22 GMT+0000 (Coordinated Universal Time),Fri May 15 2026 15:58:24 GMT+0000 (Coordinated Universal Time),"From Decatur boutiques to enterprise SaaS companies in Tech Square, we build scalable e-commerce platforms and subscription-based applications that handle growth without breaking.",53,https://cdn.prod.website-files.com/66ad2be6a1fc504a2d6a22b2/6a05cf480ff9da21767e4cdf_ecommerce.webp,E-Commerce & SaaS
Healthcare — Phoenix,healthcare-phoenix,6a04c47741e7eeadd1b35a20,66ad2be6a1fc504a2d6a22b0,6a07108e65dc3daa9ac069f5,false,false,Fri May 15 2026 12:24:46 GMT+0000 (Coordinated Universal Time),Fri May 15 2026 12:24:46 GMT+0000 (Coordinated Universal Time),Fri May 15 2026 15:58:24 GMT+0000 (Coordinated Universal Time),"We build HIPAA-aware mobile apps for Arizona healthcare providers who need secure patient communication, appointment scheduling, and telehealth tools. Our solutions integrate with existing EHR systems and meet the compliance standards that Phoenix-area medical groups require.",54,https://cdn.prod.website-files.com/66ad2be6a1fc504a2d6a22b2/6a05cf61a73add9bf609f8da_health.webp,Healthcare
Financial Services — Phoenix,financial-services-phoenix,6a04c47741e7eeadd1b35a20,66ad2be6a1fc504a2d6a22b0,6a07108e65dc3daa9ac069f7,false,false,Fri May 15 2026 12:24:46 GMT+0000 (Coordinated Universal Time),Fri May 15 2026 12:24:46 GMT+0000 (Coordinated Universal Time),Fri May 15 2026 15:58:24 GMT+0000 (Coordinated Universal Time),"Our fintech solutions serve Phoenix-area financial firms with real-time data processing, encrypted transaction handling, and regulatory-compliant dashboards. From credit unions to investment platforms, we build the secure infrastructure that Arizona's growing financial sector demands.",55,https://cdn.prod.website-files.com/66ad2be6a1fc504a2d6a22b2/6a05cf68f687efe2bc3fe0b2_fintech.webp,Financial Services
Real Estate — Phoenix,real-estate-phoenix,6a04c47741e7eeadd1b35a20,66ad2be6a1fc504a2d6a22b0,6a07108e65dc3daa9ac069f9,false,false,Fri May 15 2026 12:24:46 GMT+0000 (Coordinated Universal Time),Fri May 15 2026 12:24:46 GMT+0000 (Coordinated Universal Time),Fri May 15 2026 15:58:24 GMT+0000 (Coordinated Universal Time),"Phoenix's booming real estate market benefits from our custom property search apps, virtual tour integrations, and CRM-connected agent tools built for the Valley's competitive housing landscape.",56,https://cdn.prod.website-files.com/66ad2be6a1fc504a2d6a22b2/6a05cf53f08c1d0c09904945_retail.webp,Real Estate
Financial Services — Philadelphia,financial-services-philadelphia,6a04c47741e7eeadd1b35a20,66ad2be6a1fc504a2d6a22b0,6a07108e65dc3daa9ac069fb,false,false,Fri May 15 2026 12:24:46 GMT+0000 (Coordinated Universal Time),Fri May 15 2026 12:24:46 GMT+0000 (Coordinated Universal Time),Fri May 15 2026 15:58:24 GMT+0000 (Coordinated Universal Time),"Center City hosts a concentration of financial firms that need secure, compliant digital tools. Our team builds trading dashboards, client portals, and mobile banking applications with the encryption and audit-trail capabilities Philadelphia, PA financial institutions require.",57,https://cdn.prod.website-files.com/66ad2be6a1fc504a2d6a22b2/6a05cf68f687efe2bc3fe0b2_fintech.webp,Financial Services
E-Commerce & Retail — Philadelphia,ecommerce-retail-philadelphia,6a04c47741e7eeadd1b35a20,66ad2be6a1fc504a2d6a22b0,6a07108e65dc3daa9ac069fd,false,false,Fri May 15 2026 12:24:46 GMT+0000 (Coordinated Universal Time),Fri May 15 2026 12:24:46 GMT+0000 (Coordinated Universal Time),Fri May 15 2026 15:58:24 GMT+0000 (Coordinated Universal Time),"From Old City boutiques to King of Prussia Mall retailers, Philadelphia businesses need mobile and web experiences that convert. We build custom e-commerce platforms, inventory management systems, and loyalty apps that drive revenue.",58,https://cdn.prod.website-files.com/66ad2be6a1fc504a2d6a22b2/6a05cf480ff9da21767e4cdf_ecommerce.webp,E-Commerce & Retail
Startups & Innovation — Philadelphia,startups-philadelphia,6a04c47741e7eeadd1b35a20,66ad2be6a1fc504a2d6a22b0,6a07108e65dc3daa9ac069ff,false,false,Fri May 15 2026 12:24:46 GMT+0000 (Coordinated Universal Time),Fri May 15 2026 12:24:46 GMT+0000 (Coordinated Universal Time),Fri May 15 2026 15:58:24 GMT+0000 (Coordinated Universal Time),"The Philly startup scene continues to grow, fueled by university talent pipelines and an expanding venture capital presence. We partner with early-stage companies to build MVPs and scale products after funding.",59,https://cdn.prod.website-files.com/66ad2be6a1fc504a2d6a22b2/6a05d8442565fb1789d350fd_startup.webp,Startups & Innovation
Healthcare — Orlando,healthcare-orlando,6a04c47741e7eeadd1b35a20,66ad2be6a1fc504a2d6a22b0,6a07108e65dc3daa9ac06a01,false,false,Fri May 15 2026 12:24:46 GMT+0000 (Coordinated Universal Time),Fri May 15 2026 12:24:46 GMT+0000 (Coordinated Universal Time),Fri May 15 2026 15:58:24 GMT+0000 (Coordinated Universal Time),"Orlando's Lake Nona Medical City is a growing hub for health innovation. We develop HIPAA-aware patient portals, telehealth platforms, and clinical workflow tools that serve healthcare providers across Orange and Seminole counties, prioritizing patient data security and seamless EHR integration.",60,https://cdn.prod.website-files.com/66ad2be6a1fc504a2d6a22b2/6a05cf61a73add9bf609f8da_health.webp,Healthcare
E-Commerce & Retail — Orlando,ecommerce-orlando,6a04c47741e7eeadd1b35a20,66ad2be6a1fc504a2d6a22b0,6a07108e65dc3daa9ac06a03,false,false,Fri May 15 2026 12:24:46 GMT+0000 (Coordinated Universal Time),Fri May 15 2026 12:24:46 GMT+0000 (Coordinated Universal Time),Fri May 15 2026 15:58:24 GMT+0000 (Coordinated Universal Time),"From Winter Park boutiques to large Orlando-based retail operations, we build scalable e-commerce platforms and mobile shopping experiences that handle seasonal traffic spikes during Florida's peak tourist seasons.",61,https://cdn.prod.website-files.com/66ad2be6a1fc504a2d6a22b2/6a05cf480ff9da21767e4cdf_ecommerce.webp,E-Commerce & Retail
Real Estate — Orlando,real-estate-orlando,6a04c47741e7eeadd1b35a20,66ad2be6a1fc504a2d6a22b0,6a07108e65dc3daa9ac06a05,false,false,Fri May 15 2026 12:24:46 GMT+0000 (Coordinated Universal Time),Fri May 15 2026 12:24:46 GMT+0000 (Coordinated Universal Time),Fri May 15 2026 15:58:24 GMT+0000 (Coordinated Universal Time),"Orlando's fast-growing real estate market drives demand for property search apps, virtual tour platforms, and CRM integrations. We build custom mobile apps and web tools that help agents and brokerages close faster in the competitive Orlando, FL market.",62,https://cdn.prod.website-files.com/66ad2be6a1fc504a2d6a22b2/6a05cf53f08c1d0c09904945_retail.webp,Real Estate
Healthcare — Los Angeles,healthcare-la,6a04c47741e7eeadd1b35a20,66ad2be6a1fc504a2d6a22b0,6a07108e65dc3daa9ac06a07,false,false,Fri May 15 2026 12:24:46 GMT+0000 (Coordinated Universal Time),Fri May 15 2026 12:24:46 GMT+0000 (Coordinated Universal Time),Fri May 15 2026 15:58:24 GMT+0000 (Coordinated Universal Time),"Southern California's healthcare corridor demands HIPAA-compliant mobile and web applications. We build patient portals, telehealth platforms, and clinical workflow tools with end-to-end encryption, audit logging, and compliance documentation baked in.",63,https://cdn.prod.website-files.com/66ad2be6a1fc504a2d6a22b2/6a05cf61a73add9bf609f8da_health.webp,Healthcare
E-Commerce & Retail — Los Angeles,ecommerce-la,6a04c47741e7eeadd1b35a20,66ad2be6a1fc504a2d6a22b0,6a07108e65dc3daa9ac06a09,false,false,Fri May 15 2026 12:24:46 GMT+0000 (Coordinated Universal Time),Fri May 15 2026 12:24:46 GMT+0000 (Coordinated Universal Time),Fri May 15 2026 15:58:24 GMT+0000 (Coordinated Universal Time),"LA's retail brands need custom mobile app experiences that convert. We build product discovery apps, loyalty platforms, and omnichannel ordering systems that handle Black Friday traffic without flinching.",64,https://cdn.prod.website-files.com/66ad2be6a1fc504a2d6a22b2/6a05cf480ff9da21767e4cdf_ecommerce.webp,E-Commerce & Retail
Real Estate — Los Angeles,real-estate-la,6a04c47741e7eeadd1b35a20,66ad2be6a1fc504a2d6a22b0,6a07108e65dc3daa9ac06a0b,false,false,Fri May 15 2026 12:24:46 GMT+0000 (Coordinated Universal Time),Fri May 15 2026 12:24:46 GMT+0000 (Coordinated Universal Time),Fri May 15 2026 15:58:24 GMT+0000 (Coordinated Universal Time),"From Santa Monica luxury listings to DTLA commercial leasing, we build property search apps, virtual tour platforms, and CRM integrations for brokerages across Los Angeles, CA.",65,https://cdn.prod.website-files.com/66ad2be6a1fc504a2d6a22b2/6a05cf53f08c1d0c09904945_retail.webp,Real Estate
Fintech — Los Angeles,fintech-la,6a04c47741e7eeadd1b35a20,66ad2be6a1fc504a2d6a22b0,6a07108e65dc3daa9ac06a0d,false,false,Fri May 15 2026 12:24:46 GMT+0000 (Coordinated Universal Time),Fri May 15 2026 12:24:46 GMT+0000 (Coordinated Universal Time),Fri May 15 2026 15:58:24 GMT+0000 (Coordinated Universal Time),"Downtown LA's growing financial district needs secure, regulation-aware mobile and web platforms. We build payment processing apps, portfolio dashboards, and KYC onboarding flows with bank-grade security.",66,https://cdn.prod.website-files.com/66ad2be6a1fc504a2d6a22b2/6a05cf68f687efe2bc3fe0b2_fintech.webp,Fintech
Tech Startups — Los Angeles,tech-startups-la,6a04c47741e7eeadd1b35a20,66ad2be6a1fc504a2d6a22b0,6a07108e65dc3daa9ac06a0f,false,false,Fri May 15 2026 12:24:46 GMT+0000 (Coordinated Universal Time),Fri May 15 2026 12:24:46 GMT+0000 (Coordinated Universal Time),Fri May 15 2026 15:58:24 GMT+0000 (Coordinated Universal Time),"Venice and Silicon Beach produce some of the most ambitious startups in the country. We are the app developers in Los Angeles that early-stage founders call when they need an MVP in six weeks, not six months.",67,https://cdn.prod.website-files.com/66ad2be6a1fc504a2d6a22b2/6a05d8442565fb1789d350fd_startup.webp,Tech Startups
Healthcare — Jacksonville,healthcare-jacksonville,6a04c47741e7eeadd1b35a20,66ad2be6a1fc504a2d6a22b0,6a07108e65dc3daa9ac06a11,false,false,Fri May 15 2026 12:24:46 GMT+0000 (Coordinated Universal Time),Fri May 15 2026 12:24:46 GMT+0000 (Coordinated Universal Time),Fri May 15 2026 15:58:24 GMT+0000 (Coordinated Universal Time),"We build custom mobile apps and web applications for healthcare providers, fintech companies, e-commerce brands, and logistics operations tied to Jacksonville's major port. HIPAA-compliant solutions for Northeast Florida's growing healthcare network.",68,https://cdn.prod.website-files.com/66ad2be6a1fc504a2d6a22b2/6a05cf61a73add9bf609f8da_health.webp,Healthcare
Fintech — Jacksonville,fintech-jacksonville,6a04c47741e7eeadd1b35a20,66ad2be6a1fc504a2d6a22b0,6a07108e65dc3daa9ac06a13,false,false,Fri May 15 2026 12:24:46 GMT+0000 (Coordinated Universal Time),Fri May 15 2026 12:24:46 GMT+0000 (Coordinated Universal Time),Fri May 15 2026 15:58:24 GMT+0000 (Coordinated Universal Time),"We serve fintech companies across Jacksonville with secure, compliant digital tools including payment platforms, client portals, and mobile banking applications.",69,https://cdn.prod.website-files.com/66ad2be6a1fc504a2d6a22b2/6a05cf68f687efe2bc3fe0b2_fintech.webp,Fintech
E-Commerce — Jacksonville,ecommerce-jacksonville,6a04c47741e7eeadd1b35a20,66ad2be6a1fc504a2d6a22b0,6a07108e65dc3daa9ac06a15,false,false,Fri May 15 2026 12:24:46 GMT+0000 (Coordinated Universal Time),Fri May 15 2026 12:24:46 GMT+0000 (Coordinated Universal Time),Fri May 15 2026 15:58:24 GMT+0000 (Coordinated Universal Time),"E-commerce brands across Jacksonville and Northeast Florida rely on us for custom storefronts, inventory management, and mobile shopping experiences built to convert.",70,https://cdn.prod.website-files.com/66ad2be6a1fc504a2d6a22b2/6a05cf480ff9da21767e4cdf_ecommerce.webp,E-Commerce
Logistics — Jacksonville,logistics-jacksonville,6a04c47741e7eeadd1b35a20,66ad2be6a1fc504a2d6a22b0,6a07108e65dc3daa9ac06a17,false,false,Fri May 15 2026 12:24:46 GMT+0000 (Coordinated Universal Time),Fri May 15 2026 12:24:46 GMT+0000 (Coordinated Universal Time),Fri May 15 2026 15:58:24 GMT+0000 (Coordinated Universal Time),"Jacksonville's major port and logistics hub means our clients need fleet tracking apps, route optimization tools, and warehouse management systems that perform at scale.",71,https://cdn.prod.website-files.com/66ad2be6a1fc504a2d6a22b2/6a05da8b0c8742d51f6b6e57_logistics.webp,Logistics
Real Estate — Jacksonville,real-estate-jacksonville,6a04c47741e7eeadd1b35a20,66ad2be6a1fc504a2d6a22b0,6a07108e65dc3daa9ac06a19,false,false,Fri May 15 2026 12:24:46 GMT+0000 (Coordinated Universal Time),Fri May 15 2026 12:24:46 GMT+0000 (Coordinated Universal Time),Fri May 15 2026 15:58:24 GMT+0000 (Coordinated Universal Time),"Jacksonville's growing real estate market drives demand for property search apps, virtual tour platforms, and CRM integrations for brokerages and property managers.",72,https://cdn.prod.website-files.com/66ad2be6a1fc504a2d6a22b2/6a05cf53f08c1d0c09904945_retail.webp,Real Estate
Professional Services — Jacksonville,professional-services-jacksonville,6a04c47741e7eeadd1b35a20,66ad2be6a1fc504a2d6a22b0,6a07108e65dc3daa9ac06a1b,false,false,Fri May 15 2026 12:24:46 GMT+0000 (Coordinated Universal Time),Fri May 15 2026 12:24:46 GMT+0000 (Coordinated Universal Time),Fri May 15 2026 15:58:24 GMT+0000 (Coordinated Universal Time),"We serve professional services firms across Jacksonville with client portals, CRM integrations, billing tools, and the operational software that keeps client relationships organized.",73,,Professional Services
Financial Services — Hartford,financial-services-hartford,6a04c47741e7eeadd1b35a20,66ad2be6a1fc504a2d6a22b0,6a07108e65dc3daa9ac06a1d,false,false,Fri May 15 2026 12:24:46 GMT+0000 (Coordinated Universal Time),Fri May 15 2026 12:24:46 GMT+0000 (Coordinated Universal Time),Fri May 15 2026 15:58:24 GMT+0000 (Coordinated Universal Time),"Hartford's financial services sector needs secure, compliant digital tools. Our team builds trading dashboards, client portals, and compliance reporting platforms with the encryption and audit-trail capabilities Connecticut financial institutions require.",74,https://cdn.prod.website-files.com/66ad2be6a1fc504a2d6a22b2/6a05cf68f687efe2bc3fe0b2_fintech.webp,Financial Services
Healthcare — Hartford,healthcare-hartford,6a04c47741e7eeadd1b35a20,66ad2be6a1fc504a2d6a22b0,6a07108e65dc3daa9ac06a1f,false,false,Fri May 15 2026 12:24:46 GMT+0000 (Coordinated Universal Time),Fri May 15 2026 12:24:46 GMT+0000 (Coordinated Universal Time),Fri May 15 2026 15:58:24 GMT+0000 (Coordinated Universal Time),"Connecticut healthcare organizations rely on us for patient-facing apps, telehealth solutions, and HIPAA-compliant data systems that meet strict security and privacy requirements.",75,https://cdn.prod.website-files.com/66ad2be6a1fc504a2d6a22b2/6a05cf61a73add9bf609f8da_health.webp,Healthcare
Manufacturing — Hartford,manufacturing-hartford,6a04c47741e7eeadd1b35a20,66ad2be6a1fc504a2d6a22b0,6a07108e65dc3daa9ac06a21,false,false,Fri May 15 2026 12:24:46 GMT+0000 (Coordinated Universal Time),Fri May 15 2026 12:24:46 GMT+0000 (Coordinated Universal Time),Fri May 15 2026 15:58:24 GMT+0000 (Coordinated Universal Time),"Illinois is the fifth-largest manufacturing state. We build inventory management systems, IoT dashboards, and supply chain visibility tools for manufacturers across the greater Hartford region.",76,,Manufacturing
Nonprofits & Education — Hartford,nonprofits-education-hartford,6a04c47741e7eeadd1b35a20,66ad2be6a1fc504a2d6a22b0,6a07108e65dc3daa9ac06a23,false,false,Fri May 15 2026 12:24:46 GMT+0000 (Coordinated Universal Time),Fri May 15 2026 16:09:21 GMT+0000 (Coordinated Universal Time),Fri May 15 2026 16:11:25 GMT+0000 (Coordinated Universal Time),Donor management platforms and learning applications tied to the UConn innovation ecosystem. We help Connecticut nonprofits and educational organizations build digital tools that extend their mission.,77,https://cdn.prod.website-files.com/66ad2be6a1fc504a2d6a22b2/6a05e54ada2388da46a44ae5_nonprofit.webp,Nonprofits & Education
FinTech — Chicago,fintech-chicago,6a04c47741e7eeadd1b35a20,66ad2be6a1fc504a2d6a22b0,6a07108e65dc3daa9ac06a25,false,false,Fri May 15 2026 12:24:46 GMT+0000 (Coordinated Universal Time),Fri May 15 2026 12:24:46 GMT+0000 (Coordinated Universal Time),Fri May 15 2026 15:58:24 GMT+0000 (Coordinated Universal Time),"Chicago is the nation's derivatives capital. We build trading dashboards, payment platforms, and compliance tools for financial services firms across the region.",78,https://cdn.prod.website-files.com/66ad2be6a1fc504a2d6a22b2/6a05cf68f687efe2bc3fe0b2_fintech.webp,FinTech
Healthcare — Chicago,healthcare-chicago,6a04c47741e7eeadd1b35a20,66ad2be6a1fc504a2d6a22b0,6a07108e65dc3daa9ac06a27,false,false,Fri May 15 2026 12:24:46 GMT+0000 (Coordinated Universal Time),Fri May 15 2026 12:24:46 GMT+0000 (Coordinated Universal Time),Fri May 15 2026 15:58:24 GMT+0000 (Coordinated Universal Time),"From hospital networks on the North Side to healthtech ventures near the Illinois Medical District, we develop HIPAA-aware mobile and web applications for telehealth and clinical workflows.",79,https://cdn.prod.website-files.com/66ad2be6a1fc504a2d6a22b2/6a05cf61a73add9bf609f8da_health.webp,Healthcare
Logistics & Transportation — Chicago,logistics-chicago,6a04c47741e7eeadd1b35a20,66ad2be6a1fc504a2d6a22b0,6a07108e65dc3daa9ac06a29,false,false,Fri May 15 2026 12:24:46 GMT+0000 (Coordinated Universal Time),Fri May 15 2026 12:24:46 GMT+0000 (Coordinated Universal Time),Fri May 15 2026 15:58:24 GMT+0000 (Coordinated Universal Time),"Chicago's position as a rail and freight hub makes it ground zero for logistics technology. We build fleet management apps, route optimization tools, and warehouse platforms.",80,https://cdn.prod.website-files.com/66ad2be6a1fc504a2d6a22b2/6a05da8b0c8742d51f6b6e57_logistics.webp,Logistics & Transportation
E-Commerce — Chicago,ecommerce-chicago,6a04c47741e7eeadd1b35a20,66ad2be6a1fc504a2d6a22b0,6a07108e65dc3daa9ac06a2b,false,false,Fri May 15 2026 12:24:46 GMT+0000 (Coordinated Universal Time),Fri May 15 2026 12:24:46 GMT+0000 (Coordinated Universal Time),Fri May 15 2026 15:58:24 GMT+0000 (Coordinated Universal Time),"We develop custom e-commerce platforms and mobile shopping apps for local retailers, D2C brands, and marketplace operators across Chicago.",81,https://cdn.prod.website-files.com/66ad2be6a1fc504a2d6a22b2/6a05cf480ff9da21767e4cdf_ecommerce.webp,E-Commerce
Real Estate — Chicago,real-estate-chicago,6a04c47741e7eeadd1b35a20,66ad2be6a1fc504a2d6a22b0,6a07108e65dc3daa9ac06a2d,false,false,Fri May 15 2026 12:24:46 GMT+0000 (Coordinated Universal Time),Fri May 15 2026 12:24:46 GMT+0000 (Coordinated Universal Time),Fri May 15 2026 15:58:24 GMT+0000 (Coordinated Universal Time),The commercial and residential real estate market demands purpose-built technology. We create property management dashboards and tenant portals for Chicago-area brokerages and property managers.,82,https://cdn.prod.website-files.com/66ad2be6a1fc504a2d6a22b2/6a05cf53f08c1d0c09904945_retail.webp,Real Estate
Education — Chicago,education-chicago,6a04c47741e7eeadd1b35a20,66ad2be6a1fc504a2d6a22b0,6a07108e65dc3daa9ac06a2f,false,false,Fri May 15 2026 12:24:46 GMT+0000 (Coordinated Universal Time),Fri May 15 2026 12:24:46 GMT+0000 (Coordinated Universal Time),Fri May 15 2026 15:58:24 GMT+0000 (Coordinated Universal Time),"From Northwestern in Evanston to UChicago on the South Side, we work with edtech companies building learning management systems and student engagement apps.",83,https://cdn.prod.website-files.com/66ad2be6a1fc504a2d6a22b2/6a05e0ac2ecd05a0648d433e_education%20(1).webp,Education
Manufacturing — Chicago,manufacturing-chicago,6a04c47741e7eeadd1b35a20,66ad2be6a1fc504a2d6a22b0,6a07108e65dc3daa9ac06a31,false,false,Fri May 15 2026 12:24:46 GMT+0000 (Coordinated Universal Time),Fri May 15 2026 12:24:46 GMT+0000 (Coordinated Universal Time),Fri May 15 2026 15:58:24 GMT+0000 (Coordinated Universal Time),Illinois is the fifth-largest manufacturing state. We build inventory management systems and IoT dashboards for manufacturers across the Chicago metro.,84,,Manufacturing
FinTech — Austin,fintech-austin,6a04c47741e7eeadd1b35a20,66ad2be6a1fc504a2d6a22b0,6a07108e65dc3daa9ac06a33,false,false,Fri May 15 2026 12:24:46 GMT+0000 (Coordinated Universal Time),Fri May 15 2026 12:24:46 GMT+0000 (Coordinated Universal Time),Fri May 15 2026 15:58:24 GMT+0000 (Coordinated Universal Time),"Austin's FinTech presence has grown alongside the broader Silicon Hills expansion. We build secure, compliance-aware mobile and web apps for payments, lending, and financial dashboards.",85,https://cdn.prod.website-files.com/66ad2be6a1fc504a2d6a22b2/6a05cf68f687efe2bc3fe0b2_fintech.webp,FinTech
SaaS — Austin,saas-austin,6a04c47741e7eeadd1b35a20,66ad2be6a1fc504a2d6a22b0,6a07108e65dc3daa9ac06a35,false,false,Fri May 15 2026 12:24:46 GMT+0000 (Coordinated Universal Time),Fri May 15 2026 12:24:46 GMT+0000 (Coordinated Universal Time),Fri May 15 2026 15:58:24 GMT+0000 (Coordinated Universal Time),"Austin SaaS companies — from bootstrapped teams to Capital Factory alumni — come to us for B2B web apps, admin portals, and companion mobile clients that reduce churn.",86,https://cdn.prod.website-files.com/66ad2be6a1fc504a2d6a22b2/6a05d8442565fb1789d350fd_startup.webp,SaaS
Healthcare — Austin,healthcare-austin,6a04c47741e7eeadd1b35a20,66ad2be6a1fc504a2d6a22b0,6a07108e65dc3daa9ac06a37,false,false,Fri May 15 2026 12:24:46 GMT+0000 (Coordinated Universal Time),Fri May 15 2026 12:24:46 GMT+0000 (Coordinated Universal Time),Fri May 15 2026 15:58:24 GMT+0000 (Coordinated Universal Time),"We build HIPAA-aware patient portals, telehealth apps, and clinical workflow tools for Austin healthcare providers and health-tech startups.",87,https://cdn.prod.website-files.com/66ad2be6a1fc504a2d6a22b2/6a05cf61a73add9bf609f8da_health.webp,Healthcare
Enterprise — Austin,enterprise-austin,6a04c47741e7eeadd1b35a20,66ad2be6a1fc504a2d6a22b0,6a07108e65dc3daa9ac06a39,false,false,Fri May 15 2026 12:24:46 GMT+0000 (Coordinated Universal Time),Fri May 15 2026 12:24:46 GMT+0000 (Coordinated Universal Time),Fri May 15 2026 15:58:24 GMT+0000 (Coordinated Universal Time),"With Dell, Tesla, Samsung, and dozens of Fortune 500 satellites in Central Texas, we take on enterprise app development work: internal tools, field apps, and integrations with existing ERP and CRM systems.",88,https://cdn.prod.website-files.com/66ad2be6a1fc504a2d6a22b2/6a05dd8b89627cc12b4459f7_solutions.webp,Enterprise
